{
  "project_info": {
    "project_number": "349375166669",
    "firebase_url": "https://inventaire-materiel-default-rtdb.firebaseio.com",
    "project_id": "inventaire-materiel",
    "storage_bucket": "inventaire-materiel.appspot.com"
  },
  "client": [
    {
      "client_info": {
        "mobilesdk_app_id": "1:349375166669:android:60b4e594039fef88f25184",
        "android_client_info": {
          "package_name": "com.example.inventairemateriel"
        }
      },
      "oauth_client": [
        {
          "client_id": "349375166669-h6uandniheklm05iiac1embfdjvreump.apps.googleusercontent.com",
          "client_type": 3
        }
      ],
      "api_key": [
        {
          "current_key": "AIzaSyDcupWFoHlO5lxk2a6frTsqlFFUkqYEVsY"
        }
      ],
      "services": {
        "appinvite_service": {
          "other_platform_oauth_client": [
            {
              "client_id": "349375166669-h6uandniheklm05iiac1embfdjvreump.apps.googleusercontent.com",
              "client_type": 3
            }
          ]
        }
      }
    },
    {
      "client_info": {
        "mobilesdk_app_id": "1:349375166669:android:4bb3dd726075454bf25184",
        "android_client_info": {
          "package_name": "inventaire.materiel"
        }
      },
      "oauth_client": [
        {
          "client_id": "349375166669-h6uandniheklm05iiac1embfdjvreump.apps.googleusercontent.com",
          "client_type": 3
        }
      ],
      "api_key": [
        {
          "current_key": "AIzaSyDcupWFoHlO5lxk2a6frTsqlFFUkqYEVsY"
        }
      ],
      "services": {
        "appinvite_service": {
          "other_platform_oauth_client": [
            {
              "client_id": "349375166669-h6uandniheklm05iiac1embfdjvreump.apps.googleusercontent.com",
              "client_type": 3
            }
          ]
        }
      }
    }
  ],
  "configuration_version": "1"
}